Country_Region,Date,Commodity_Name,Price
Central Region,2014-01-15,Beans - Retail,465.22
Central Region,2014-01-15,Cassava - Retail,97.42
Central Region,2014-01-15,Groundnuts (shelled) - Retail,390.03499999999997
Central Region,2014-01-15,Maize - Retail,144.77
Central Region,2014-01-15,Rice - Retail,389.08
Central Region,2014-02-15,Maize - Retail,121.07499999999999
Central Region,2014-03-15,Maize - Retail,113.515
Central Region,2014-03-15,Rice - Retail,478.06
Central Region,2014-04-15,Beans - Retail,396.41
Central Region,2014-04-15,Cassava - Retail,115.525
Central Region,2014-04-15,Groundnuts (shelled) - Retail,428.99
Central Region,2014-04-15,Maize - Retail,97.215
Central Region,2014-04-15,Rice - Retail,402.73
Central Region,2014-05-15,Maize - Retail,88.14500000000001
Central Region,2014-05-15,Rice - Retail,465.54
Central Region,2014-06-15,Maize - Retail,66.82
Central Region,2014-06-15,Rice - Retail,455.04
Central Region,2014-07-15,Maize - Retail,70.64
Central Region,2014-07-15,Rice - Retail,414.5
Central Region,2014-08-15,Maize - Retail,69.27
Central Region,2014-08-15,Rice - Retail,455.04
Central Region,2014-09-15,Beans - Retail,419.17499999999995
Central Region,2014-09-15,Cassava - Retail,130.7
Central Region,2014-09-15,Groundnuts (shelled) - Retail,360.0
Central Region,2014-09-15,Maize - Retail,62.82
Central Region,2014-09-15,Rice - Retail,400.0
Central Region,2014-10-15,Beans - Retail,478.265
Central Region,2014-10-15,Cassava - Retail,109.945
Central Region,2014-10-15,Groundnuts (shelled) - Retail,386.11
Central Region,2014-10-15,Maize - Retail,63.41
Central Region,2014-10-15,Rice - Retail,400.0
Central Region,2014-11-15,Maize - Retail,80.0
Central Region,2014-11-15,Rice - Retail,431.05
Central Region,2014-12-15,Beans - Retail,500.0
Central Region,2014-12-15,Cassava - Retail,125.16499999999999
Central Region,2014-12-15,Groundnuts (shelled) - Retail,410.76
Central Region,2014-12-15,Maize - Retail,66.935
Central Region,2014-12-15,Rice - Retail,408.33500000000004
Central Region,2015-01-15,Beans - Retail,500.0
Central Region,2015-01-15,Cassava - Retail,108.0
Central Region,2015-01-15,Groundnuts (shelled) - Retail,443.985
Central Region,2015-01-15,Maize - Retail,83.08500000000001
Central Region,2015-01-15,Rice - Retail,420.26
Central Region,2015-02-15,Beans - Retail,550.0
Central Region,2015-02-15,Cassava - Retail,149.34
Central Region,2015-02-15,Groundnuts (shelled) - Retail,505.16
Central Region,2015-02-15,Maize - Retail,87.8
Central Region,2015-02-15,Rice - Retail,450.0
Central Region,2015-03-15,Maize - Retail,88.42
Central Region,2015-04-15,Maize - Retail,123.61
Central Region,2015-04-15,Rice - Retail,450.0
Central Region,2015-05-15,Beans - Retail,495.615
Central Region,2015-05-15,Cowpeas - Retail,301.43
Central Region,2015-05-15,Groundnuts (shelled) - Retail,453.35
Central Region,2015-05-15,Maize - Retail,115.54
Central Region,2015-05-15,Pigeon peas - Retail,326.57500000000005
Central Region,2015-05-15,Rice - Retail,434.33
Central Region,2015-06-15,Beans - Retail,469.305
Central Region,2015-06-15,Cowpeas - Retail,300.63
Central Region,2015-06-15,Groundnuts (shelled) - Retail,454.27
Central Region,2015-06-15,Maize - Retail,110.17
Central Region,2015-06-15,Pigeon peas - Retail,301.66
Central Region,2015-06-15,Rice - Retail,415.09000000000003
Central Region,2015-07-15,Beans - Retail,483.61
Central Region,2015-07-15,Groundnuts (shelled) - Retail,450.485
Central Region,2015-07-15,Maize - Retail,108.0
Central Region,2015-07-15,Rice - Retail,409.265
Central Region,2015-08-15,Beans - Retail,501.025
Central Region,2015-08-15,Groundnuts (shelled) - Retail,515.33
Central Region,2015-08-15,Maize - Retail,110.73
Central Region,2015-08-15,Rice - Retail,407.5
Central Region,2015-09-15,Beans - Retail,520.52
Central Region,2015-09-15,Groundnuts (shelled) - Retail,589.23
Central Region,2015-09-15,Maize - Retail,119.5
Central Region,2015-09-15,Rice - Retail,472.79
Central Region,2015-10-15,Beans - Retail,300.0
Central Region,2015-10-15,Groundnuts (shelled) - Retail,602.935
Central Region,2015-10-15,Maize - Retail,130.0
Central Region,2015-10-15,Rice - Retail,444.065
Central Region,2015-11-15,Beans - Retail,448.13
Central Region,2015-11-15,Groundnuts (shelled) - Retail,645.425
Central Region,2015-11-15,Maize - Retail,139.04
Central Region,2015-11-15,Rice - Retail,429.44
Central Region,2015-12-15,Beans - Retail,570.905
Central Region,2015-12-15,Groundnuts (shelled) - Retail,600.2
Central Region,2015-12-15,Maize - Retail,147.18
Central Region,2015-12-15,Rice - Retail,500.0
Central Region,2016-01-15,Beans - Retail,697.3
Central Region,2016-01-15,Groundnuts (shelled) - Retail,684.1
Central Region,2016-01-15,Maize - Retail,191.425
Central Region,2016-01-15,Rice - Retail,541.9200000000001
Central Region,2016-02-15,Beans - Retail,719.63
Central Region,2016-02-15,Groundnuts (shelled) - Retail,677.105
Central Region,2016-02-15,Maize - Retail,208.4
Central Region,2016-02-15,Rice - Retail,559.32
Central Region,2016-03-15,Beans - Retail,650.0
Central Region,2016-03-15,Groundnuts (shelled) - Retail,721.76
Central Region,2016-03-15,Maize - Retail,249.78
Central Region,2016-03-15,Rice - Retail,650.32
Central Region,2016-04-15,Beans - Retail,667.06
Central Region,2016-04-15,Groundnuts (shelled) - Retail,671.54
Central Region,2016-04-15,Maize - Retail,162.29
Central Region,2016-04-15,Rice - Retail,697.35
Central Region,2016-05-15,Beans - Retail,600.0
Central Region,2016-05-15,Groundnuts (shelled) - Retail,532.36
Central Region,2016-05-15,Maize - Retail,167.94
Central Region,2016-05-15,Rice - Retail,664.28
Central Region,2016-06-15,Beans - Retail,681.965
Central Region,2016-06-15,Groundnuts (shelled) - Retail,618.0
Central Region,2016-06-15,Maize - Retail,200.41
Central Region,2016-06-15,Rice - Retail,691.75
Central Region,2016-07-15,Beans - Retail,819.2750000000001
Central Region,2016-07-15,Groundnuts (shelled) - Retail,716.52
Central Region,2016-07-15,Maize - Retail,201.225
Central Region,2016-07-15,Rice - Retail,700.0
Central Region,2016-08-15,Beans - Retail,841.4
Central Region,2016-08-15,Groundnuts (shelled) - Retail,648.4449999999999
Central Region,2016-08-15,Maize - Retail,205.56
Central Region,2016-08-15,Rice - Retail,724.25
Central Region,2016-09-15,Beans - Retail,900.0
Central Region,2016-09-15,Groundnuts (shelled) - Retail,655.63
Central Region,2016-09-15,Maize - Retail,202.26999999999998
Central Region,2016-09-15,Rice - Retail,700.0
Central Region,2016-10-15,Beans - Retail,874.855
Central Region,2016-10-15,Groundnuts (shelled) - Retail,725.0
Central Region,2016-10-15,Maize - Retail,201.515
Central Region,2016-10-15,Rice - Retail,730.21
Central Region,2016-11-15,Beans - Retail,880.41
Central Region,2016-11-15,Groundnuts (shelled) - Retail,770.46
Central Region,2016-11-15,Maize - Retail,218.45
Central Region,2016-11-15,Rice - Retail,750.0
Central Region,2016-12-15,Beans - Retail,924.7049999999999
Central Region,2016-12-15,Groundnuts (shelled) - Retail,929.78
Central Region,2016-12-15,Maize - Retail,239.70499999999998
Central Region,2016-12-15,Rice - Retail,779.2
Central Region,2017-01-15,Beans - Retail,1013.1400000000001
Central Region,2017-01-15,Maize - Retail,226.28
Central Region,2017-01-15,Rice - Retail,800.0
Central Region,2017-02-15,Beans - Retail,951.2049999999999
Central Region,2017-02-15,Groundnuts (shelled) - Retail,820.835
Central Region,2017-02-15,Maize - Retail,208.95499999999998
Central Region,2017-02-15,Rice - Retail,781.905
Central Region,2017-03-15,Beans - Retail,770.42
Central Region,2017-03-15,Groundnuts (shelled) - Retail,800.0
Central Region,2017-03-15,Maize - Retail,186.86
Central Region,2017-03-15,Rice - Retail,790.38
Central Region,2017-04-15,Beans - Retail,615.8199999999999
Central Region,2017-04-15,Groundnuts (shelled) - Retail,766.9200000000001
Central Region,2017-04-15,Maize - Retail,165.0
Central Region,2017-04-15,Rice - Retail,750.0
Central Region,2017-05-15,Beans - Retail,998.26
Central Region,2017-05-15,Groundnuts (shelled) - Retail,706.25
Central Region,2017-05-15,Maize - Retail,109.38
Central Region,2017-05-15,Rice - Retail,737.5
Central Region,2017-06-15,Beans - Retail,687.5
Central Region,2017-06-15,Groundnuts (shelled) - Retail,487.525
Central Region,2017-06-15,Maize - Retail,99.405
Central Region,2017-06-15,Rice - Retail,625.13
Central Region,2017-07-15,Beans - Retail,705.11
Central Region,2017-07-15,Groundnuts (shelled) - Retail,425.0
Central Region,2017-07-15,Maize - Retail,89.265
Central Region,2017-07-15,Rice - Retail,600.0
Central Region,2017-08-15,Beans - Retail,690.0
Central Region,2017-08-15,Groundnuts (shelled) - Retail,425.0
Central Region,2017-08-15,Maize - Retail,90.78
Central Region,2017-08-15,Rice - Retail,600.0
Central Region,2017-09-15,Beans - Retail,727.175
Central Region,2017-09-15,Groundnuts (shelled) - Retail,500.0
Central Region,2017-09-15,Maize - Retail,87.6
Central Region,2017-09-15,Rice - Retail,606.46
Central Region,2017-10-15,Beans - Retail,750.31
Central Region,2017-10-15,Groundnuts (shelled) - Retail,557.91
Central Region,2017-10-15,Maize - Retail,99.78
Central Region,2017-10-15,Rice - Retail,625.7950000000001
Central Region,2017-11-15,Beans - Retail,735.615
Central Region,2017-11-15,Groundnuts (shelled) - Retail,500.0
Central Region,2017-11-15,Maize - Retail,87.055
Central Region,2017-11-15,Rice - Retail,600.0
Central Region,2017-12-15,Beans - Retail,747.98
Central Region,2017-12-15,Groundnuts (shelled) - Retail,525.04
Central Region,2017-12-15,Maize - Retail,91.22
Central Region,2017-12-15,Rice - Retail,700.0
Central Region,2018-01-15,Beans - Retail,794.265
Central Region,2018-01-15,Groundnuts (shelled) - Retail,538.135
Central Region,2018-01-15,Maize - Retail,94.31
Central Region,2018-01-15,Rice - Retail,705.0
Central Region,2018-02-15,Beans - Retail,800.0
Central Region,2018-02-15,Groundnuts (shelled) - Retail,650.0
Central Region,2018-02-15,Maize - Retail,103.715
Central Region,2018-02-15,Rice - Retail,738.96
Central Region,2018-03-15,Beans - Retail,800.0
Central Region,2018-03-15,Maize - Retail,117.425
Central Region,2018-03-15,Rice - Retail,700.0
Central Region,2018-04-15,Beans - Retail,600.0
Central Region,2018-04-15,Groundnuts (shelled) - Retail,684.55
Central Region,2018-04-15,Maize - Retail,110.17
Central Region,2018-04-15,Rice - Retail,725.0
Central Region,2018-05-15,Beans - Retail,750.04
Central Region,2018-05-15,Groundnuts (shelled) - Retail,740.38
Central Region,2018-05-15,Maize - Retail,98.11
Central Region,2018-05-15,Rice - Retail,733.49
Central Region,2018-06-15,Beans - Retail,830.35
Central Region,2018-06-15,Groundnuts (shelled) - Retail,590.79
Central Region,2018-06-15,Maize - Retail,114.105
Central Region,2018-06-15,Rice - Retail,731.74
Central Region,2018-07-15,Beans - Retail,748.24
Central Region,2018-07-15,Groundnuts (shelled) - Retail,597.97
Central Region,2018-07-15,Maize - Retail,120.38
Central Region,2018-07-15,Rice - Retail,692.39
Central Region,2018-08-15,Beans - Retail,734.9
Central Region,2018-08-15,Groundnuts (shelled) - Retail,611.72
Central Region,2018-08-15,Maize - Retail,133.99
Central Region,2018-08-15,Rice - Retail,704.74
Central Region,2018-09-15,Beans - Retail,727.725
Central Region,2018-09-15,Groundnuts (shelled) - Retail,617.0999999999999
Central Region,2018-09-15,Maize - Retail,117.83500000000001
Central Region,2018-09-15,Rice - Retail,657.685
Central Region,2018-10-15,Beans - Retail,734.5
Central Region,2018-10-15,Groundnuts (shelled) - Retail,650.19
Central Region,2018-10-15,Maize - Retail,120.19
Central Region,2018-10-15,Rice - Retail,685.9
Central Region,2018-11-15,Beans - Retail,763.845
Central Region,2018-11-15,Groundnuts (shelled) - Retail,640.16
Central Region,2018-11-15,Maize - Retail,136.51999999999998
Central Region,2018-11-15,Rice - Retail,740.07
Central Region,2018-12-15,Beans - Retail,787.5
Central Region,2018-12-15,Groundnuts (shelled) - Retail,633.115
Central Region,2018-12-15,Maize - Retail,151.44
Central Region,2018-12-15,Rice - Retail,750.0
Central Region,2019-01-15,Beans - Retail,863.51
Central Region,2019-01-15,Groundnuts (shelled) - Retail,599.43
Central Region,2019-01-15,Maize - Retail,157.23000000000002
Central Region,2019-01-15,Rice - Retail,722.98
Central Region,2019-02-15,Beans - Retail,866.99
Central Region,2019-02-15,Groundnuts (shelled) - Retail,700.005
Central Region,2019-02-15,Maize - Retail,173.32
Central Region,2019-02-15,Rice - Retail,750.0
Central Region,2019-03-15,Beans - Retail,759.14
Central Region,2019-03-15,Groundnuts (shelled) - Retail,780.22
Central Region,2019-03-15,Maize - Retail,182.5
Central Region,2019-03-15,Rice - Retail,780.22
Central Region,2019-04-15,Beans - Retail,720.3
Central Region,2019-04-15,Groundnuts (shelled) - Retail,591.75
Central Region,2019-04-15,Maize - Retail,154.375
Central Region,2019-04-15,Rice - Retail,725.0
Central Region,2019-05-15,Beans - Retail,662.5
Central Region,2019-05-15,Cowpeas - Retail,350.0
Central Region,2019-05-15,Groundnuts (shelled) - Retail,600.0
Central Region,2019-05-15,Maize - Retail,128.75
Central Region,2019-05-15,Pigeon peas - Retail,300.0
Central Region,2019-05-15,Rice - Retail,731.25
Central Region,2019-06-15,Beans - Retail,766.67
Central Region,2019-06-15,Cowpeas - Retail,393.75
Central Region,2019-06-15,Groundnuts (shelled) - Retail,627.87
Central Region,2019-06-15,Maize - Retail,136.67
Central Region,2019-06-15,Pigeon peas - Retail,300.0
Central Region,2019-06-15,Rice - Retail,760.7950000000001
Central Region,2019-07-15,Beans - Retail,775.0
Central Region,2019-07-15,Cowpeas - Retail,400.0
Central Region,2019-07-15,Groundnuts (shelled) - Retail,492.5
Central Region,2019-07-15,Maize - Retail,171.25
Central Region,2019-07-15,Pigeon peas - Retail,425.0
Central Region,2019-07-15,Rice - Retail,600.0
Central Region,2019-08-15,Beans - Retail,767.58
Central Region,2019-08-15,Groundnuts (shelled) - Retail,568.65
Central Region,2019-08-15,Maize - Retail,205.18
Central Region,2019-08-15,Rice - Retail,732.82
Central Region,2019-09-15,Beans - Retail,817.775
Central Region,2019-09-15,Groundnuts (shelled) - Retail,610.745
Central Region,2019-09-15,Maize - Retail,220.065
Central Region,2019-09-15,Rice - Retail,750.29
Central Region,2019-10-15,Groundnuts (shelled) - Retail,671.78
Central Region,2019-10-15,Maize - Retail,224.76999999999998
Central Region,2019-10-15,Rice - Retail,731.54
Central Region,2019-11-15,Beans - Retail,830.16
Central Region,2019-11-15,Groundnuts (shelled) - Retail,678.9549999999999
Central Region,2019-11-15,Maize - Retail,250.0
Central Region,2019-11-15,Rice - Retail,750.0
Central Region,2019-12-15,Beans - Retail,881.725
Central Region,2019-12-15,Groundnuts (shelled) - Retail,781.0550000000001
Central Region,2019-12-15,Maize - Retail,280.0
Central Region,2019-12-15,Rice - Retail,725.25
Northern Region,2014-01-15,Beans - Retail,376.99
Northern Region,2014-01-15,Cassava - Retail,91.56
Northern Region,2014-01-15,Groundnuts (shelled) - Retail,378.85
Northern Region,2014-01-15,Maize - Retail,138.285
Northern Region,2014-01-15,Rice - Retail,402.66999999999996
Northern Region,2014-02-15,Maize - Retail,129.7
Northern Region,2014-03-15,Maize - Retail,108.645
Northern Region,2014-04-15,Beans - Retail,392.29
Northern Region,2014-04-15,Cassava - Retail,112.43
Northern Region,2014-04-15,Maize - Retail,103.63
Northern Region,2014-04-15,Rice - Retail,453.15
Northern Region,2014-05-15,Maize - Retail,106.59
Northern Region,2014-06-15,Cassava - Retail,118.27
Northern Region,2014-06-15,Maize - Retail,83.245
Northern Region,2014-06-15,Rice - Retail,327.62
Northern Region,2014-07-15,Maize - Retail,87.6
Northern Region,2014-07-15,Rice - Retail,346.17
Northern Region,2014-08-15,Maize - Retail,90.63
Northern Region,2014-08-15,Rice - Retail,347.77
Northern Region,2014-09-15,Beans - Retail,375.2
Northern Region,2014-09-15,Cassava - Retail,110.23
Northern Region,2014-09-15,Groundnuts (shelled) - Retail,367.07
Northern Region,2014-09-15,Maize - Retail,92.1
Northern Region,2014-09-15,Rice - Retail,387.05499999999995
Northern Region,2014-10-15,Beans - Retail,386.425
Northern Region,2014-10-15,Cassava - Retail,135.46499999999997
Northern Region,2014-10-15,Groundnuts (shelled) - Retail,402.015
Northern Region,2014-10-15,Maize - Retail,76.76
Northern Region,2014-10-15,Rice - Retail,385.42
Northern Region,2014-11-15,Cassava - Retail,253.24
Northern Region,2014-11-15,Maize - Retail,72.985
Northern Region,2014-11-15,Rice - Retail,409.03
Northern Region,2014-12-15,Beans - Retail,435.94
Northern Region,2014-12-15,Cassava - Retail,127.96
Northern Region,2014-12-15,Groundnuts (shelled) - Retail,435.14
Northern Region,2014-12-15,Maize - Retail,83.41
Northern Region,2014-12-15,Rice - Retail,399.86
Northern Region,2015-01-15,Beans - Retail,436.295
Northern Region,2015-01-15,Cassava - Retail,139.485
Northern Region,2015-01-15,Groundnuts (shelled) - Retail,434.27
Northern Region,2015-01-15,Maize - Retail,100.57
Northern Region,2015-01-15,Rice - Retail,450.11
Northern Region,2015-02-15,Beans - Retail,444.5
Northern Region,2015-02-15,Cassava - Retail,191.79
Northern Region,2015-02-15,Groundnuts (shelled) - Retail,410.95
Northern Region,2015-02-15,Maize - Retail,100.27
Northern Region,2015-02-15,Rice - Retail,500.0
Northern Region,2015-03-15,Cassava - Retail,240.1
Northern Region,2015-03-15,Maize - Retail,97.25999999999999
Northern Region,2015-03-15,Rice - Retail,607.55
Northern Region,2015-04-15,Cassava - Retail,217.52
Northern Region,2015-04-15,Maize - Retail,125.145
Northern Region,2015-04-15,Rice - Retail,619.04
Northern Region,2015-05-15,Beans - Retail,345.02
Northern Region,2015-05-15,Cassava - Retail,255.0
Northern Region,2015-05-15,Cowpeas - Retail,279.03
Northern Region,2015-05-15,Groundnuts (shelled) - Retail,320.97
Northern Region,2015-05-15,Maize - Retail,108.83
Northern Region,2015-05-15,Rice - Retail,436.165
Northern Region,2015-06-15,Beans - Retail,408.935
Northern Region,2015-06-15,Cowpeas - Retail,280.06
Northern Region,2015-06-15,Groundnuts (shelled) - Retail,474.52
Northern Region,2015-06-15,Maize - Retail,102.905
Northern Region,2015-06-15,Pigeon peas - Retail,209.07
Northern Region,2015-06-15,Rice - Retail,416.68499999999995
Northern Region,2015-07-15,Beans - Retail,368.94
Northern Region,2015-07-15,Cassava - Retail,152.51
Northern Region,2015-07-15,Groundnuts (shelled) - Retail,378.82
Northern Region,2015-07-15,Maize - Retail,107.755
Northern Region,2015-07-15,Rice - Retail,441.49
Northern Region,2015-08-15,Beans - Retail,416.82
Northern Region,2015-08-15,Cassava - Retail,193.85
Northern Region,2015-08-15,Groundnuts (shelled) - Retail,481.65
Northern Region,2015-08-15,Maize - Retail,116.02
Northern Region,2015-08-15,Rice - Retail,452.17
Northern Region,2015-09-15,Beans - Retail,455.46
Northern Region,2015-09-15,Cassava - Retail,325.55
Northern Region,2015-09-15,Groundnuts (shelled) - Retail,487.67
Northern Region,2015-09-15,Maize - Retail,128.08
Northern Region,2015-09-15,Rice - Retail,456.46500000000003
Northern Region,2015-10-15,Beans - Retail,362.34
Northern Region,2015-10-15,Cassava - Retail,326.49
Northern Region,2015-10-15,Groundnuts (shelled) - Retail,469.25
Northern Region,2015-10-15,Maize - Retail,132.17000000000002
Northern Region,2015-10-15,Rice - Retail,453.28
Northern Region,2015-11-15,Beans - Retail,317.185
Northern Region,2015-11-15,Cassava - Retail,206.25
Northern Region,2015-11-15,Groundnuts (shelled) - Retail,437.28
Northern Region,2015-11-15,Maize - Retail,131.77
Northern Region,2015-11-15,Rice - Retail,473.92
Northern Region,2015-12-15,Beans - Retail,534.4
Northern Region,2015-12-15,Groundnuts (shelled) - Retail,550.43
Northern Region,2015-12-15,Maize - Retail,136.86
Northern Region,2015-12-15,Rice - Retail,500.0
Northern Region,2016-01-15,Beans - Retail,649.21
Northern Region,2016-01-15,Cassava - Retail,340.3
Northern Region,2016-01-15,Groundnuts (shelled) - Retail,519.725
Northern Region,2016-01-15,Maize - Retail,180.33499999999998
Northern Region,2016-01-15,Rice - Retail,575.65
Northern Region,2016-02-15,Beans - Retail,617.82
Northern Region,2016-02-15,Groundnuts (shelled) - Retail,527.44
Northern Region,2016-02-15,Maize - Retail,209.025
Northern Region,2016-02-15,Rice - Retail,600.0
Northern Region,2016-03-15,Beans - Retail,582.045
Northern Region,2016-03-15,Cassava - Retail,201.74
Northern Region,2016-03-15,Groundnuts (shelled) - Retail,603.09
Northern Region,2016-03-15,Maize - Retail,215.11
Northern Region,2016-03-15,Rice - Retail,600.175
Northern Region,2016-04-15,Beans - Retail,510.24
Northern Region,2016-04-15,Cassava - Retail,275.25
Northern Region,2016-04-15,Groundnuts (shelled) - Retail,624.63
Northern Region,2016-04-15,Maize - Retail,168.75
Northern Region,2016-04-15,Rice - Retail,738.39
Northern Region,2016-05-15,Beans - Retail,563.22
Northern Region,2016-05-15,Cassava - Retail,231.11
Northern Region,2016-05-15,Groundnuts (shelled) - Retail,410.95
Northern Region,2016-05-15,Maize - Retail,176.39499999999998
Northern Region,2016-05-15,Rice - Retail,626.9649999999999
Northern Region,2016-06-15,Beans - Retail,557.49
Northern Region,2016-06-15,Cassava - Retail,209.71
Northern Region,2016-06-15,Groundnuts (shelled) - Retail,572.47
Northern Region,2016-06-15,Maize - Retail,196.16
Northern Region,2016-06-15,Rice - Retail,611.75
Northern Region,2016-07-15,Beans - Retail,631.7750000000001
Northern Region,2016-07-15,Cassava - Retail,232.96
Northern Region,2016-07-15,Groundnuts (shelled) - Retail,636.39
Northern Region,2016-07-15,Maize - Retail,207.305
Northern Region,2016-07-15,Rice - Retail,674.01
Northern Region,2016-08-15,Beans - Retail,566.635
Northern Region,2016-08-15,Cassava - Retail,256.43
Northern Region,2016-08-15,Groundnuts (shelled) - Retail,546.075
Northern Region,2016-08-15,Maize - Retail,205.32
Northern Region,2016-08-15,Rice - Retail,678.41
Northern Region,2016-09-15,Beans - Retail,591.22
Northern Region,2016-09-15,Groundnuts (shelled) - Retail,664.79
Northern Region,2016-09-15,Maize - Retail,212.24
Northern Region,2016-09-15,Rice - Retail,653.47
Northern Region,2016-10-15,Beans - Retail,689.68
Northern Region,2016-10-15,Cassava - Retail,347.9
Northern Region,2016-10-15,Groundnuts (shelled) - Retail,674.42
Northern Region,2016-10-15,Maize - Retail,215.905
Northern Region,2016-10-15,Rice - Retail,653.925
Northern Region,2016-11-15,Beans - Retail,713.18
Northern Region,2016-11-15,Groundnuts (shelled) - Retail,717.0699999999999
Northern Region,2016-11-15,Maize - Retail,240.155
Northern Region,2016-11-15,Rice - Retail,704.24
Northern Region,2016-12-15,Beans - Retail,708.43
Northern Region,2016-12-15,Cassava - Retail,338.68
Northern Region,2016-12-15,Groundnuts (shelled) - Retail,658.165
Northern Region,2016-12-15,Maize - Retail,250.25
Northern Region,2016-12-15,Rice - Retail,713.825
Northern Region,2017-01-15,Beans - Retail,755.0
Northern Region,2017-01-15,Cassava - Retail,337.0
Northern Region,2017-01-15,Groundnuts (shelled) - Retail,944.79
Northern Region,2017-01-15,Maize - Retail,236.42000000000002
Northern Region,2017-01-15,Rice - Retail,736.43
Northern Region,2017-02-15,Beans - Retail,783.78
Northern Region,2017-02-15,Cassava - Retail,352.2
Northern Region,2017-02-15,Groundnuts (shelled) - Retail,755.535
Northern Region,2017-02-15,Maize - Retail,226.36
Northern Region,2017-02-15,Rice - Retail,747.0350000000001
Northern Region,2017-03-15,Beans - Retail,751.1800000000001
Northern Region,2017-03-15,Groundnuts (shelled) - Retail,753.75
Northern Region,2017-03-15,Maize - Retail,214.69
Northern Region,2017-03-15,Rice - Retail,768.0699999999999
Northern Region,2017-04-15,Beans - Retail,632.1099999999999
Northern Region,2017-04-15,Cassava - Retail,381.13
Northern Region,2017-04-15,Groundnuts (shelled) - Retail,720.53
Northern Region,2017-04-15,Maize - Retail,175.68
Northern Region,2017-04-15,Rice - Retail,724.22
Northern Region,2017-05-15,Beans - Retail,998.26
Northern Region,2017-05-15,Cassava - Retail,372.8
Northern Region,2017-05-15,Groundnuts (shelled) - Retail,629.82
Northern Region,2017-05-15,Maize - Retail,131.04500000000002
Northern Region,2017-05-15,Rice - Retail,689.505
Northern Region,2017-06-15,Beans - Retail,614.93
Northern Region,2017-06-15,Cassava - Retail,328.23
Northern Region,2017-06-15,Groundnuts (shelled) - Retail,593.56
Northern Region,2017-06-15,Maize - Retail,111.45
Northern Region,2017-06-15,Rice - Retail,621.56
Northern Region,2017-07-15,Beans - Retail,593.365
Northern Region,2017-07-15,Cassava - Retail,306.82
Northern Region,2017-07-15,Groundnuts (shelled) - Retail,579.025
Northern Region,2017-07-15,Maize - Retail,110.715
Northern Region,2017-07-15,Rice - Retail,685.135
Northern Region,2017-08-15,Beans - Retail,603.075
Northern Region,2017-08-15,Cassava - Retail,352.66
Northern Region,2017-08-15,Groundnuts (shelled) - Retail,561.0
Northern Region,2017-08-15,Maize - Retail,113.77
Northern Region,2017-08-15,Rice - Retail,685.36
Northern Region,2017-09-15,Beans - Retail,645.41
Northern Region,2017-09-15,Cassava - Retail,325.55
Northern Region,2017-09-15,Groundnuts (shelled) - Retail,584.38
Northern Region,2017-09-15,Maize - Retail,103.51
Northern Region,2017-09-15,Rice - Retail,682.275
Northern Region,2017-10-15,Beans - Retail,637.9200000000001
Northern Region,2017-10-15,Cassava - Retail,384.52
Northern Region,2017-10-15,Groundnuts (shelled) - Retail,587.05
Northern Region,2017-10-15,Maize - Retail,106.28
Northern Region,2017-10-15,Rice - Retail,701.52
Northern Region,2017-11-15,Beans - Retail,654.635
Northern Region,2017-11-15,Cassava - Retail,367.92
Northern Region,2017-11-15,Groundnuts (shelled) - Retail,585.755
Northern Region,2017-11-15,Maize - Retail,102.46
Northern Region,2017-11-15,Rice - Retail,716.05
Northern Region,2017-12-15,Beans - Retail,661.71
Northern Region,2017-12-15,Cassava - Retail,352.66
Northern Region,2017-12-15,Groundnuts (shelled) - Retail,584.43
Northern Region,2017-12-15,Maize - Retail,88.43
Northern Region,2017-12-15,Rice - Retail,750.0
Northern Region,2018-01-15,Beans - Retail,655.995
Northern Region,2018-01-15,Cassava - Retail,396.22
Northern Region,2018-01-15,Groundnuts (shelled) - Retail,640.255
Northern Region,2018-01-15,Maize - Retail,99.41499999999999
Northern Region,2018-01-15,Rice - Retail,743.935
Northern Region,2018-02-15,Beans - Retail,668.61
Northern Region,2018-02-15,Cassava - Retail,388.85
Northern Region,2018-02-15,Groundnuts (shelled) - Retail,670.31
Northern Region,2018-02-15,Maize - Retail,109.68
Northern Region,2018-02-15,Rice - Retail,774.735
Northern Region,2018-03-15,Beans - Retail,675.37
Northern Region,2018-03-15,Cassava - Retail,188.56
Northern Region,2018-03-15,Maize - Retail,107.54
Northern Region,2018-03-15,Rice - Retail,657.23
Northern Region,2018-04-15,Beans - Retail,572.88
Northern Region,2018-04-15,Cassava - Retail,165.78
Northern Region,2018-04-15,Groundnuts (shelled) - Retail,620.06
Northern Region,2018-04-15,Maize - Retail,96.73500000000001
Northern Region,2018-04-15,Rice - Retail,736.385
Northern Region,2018-05-15,Beans - Retail,577.88
Northern Region,2018-05-15,Cassava - Retail,155.7
Northern Region,2018-05-15,Groundnuts (shelled) - Retail,598.5
Northern Region,2018-05-15,Maize - Retail,102.56
Northern Region,2018-05-15,Rice - Retail,750.12
Northern Region,2018-06-15,Beans - Retail,604.45
Northern Region,2018-06-15,Cassava - Retail,314.85
Northern Region,2018-06-15,Groundnuts (shelled) - Retail,641.89
Northern Region,2018-06-15,Maize - Retail,103.505
Northern Region,2018-06-15,Rice - Retail,747.165
Northern Region,2018-07-15,Beans - Retail,594.13
Northern Region,2018-07-15,Cassava - Retail,315.0
Northern Region,2018-07-15,Groundnuts (shelled) - Retail,663.26
Northern Region,2018-07-15,Maize - Retail,108.75
Northern Region,2018-07-15,Rice - Retail,750.0
Northern Region,2018-08-15,Beans - Retail,631.25
Northern Region,2018-08-15,Cassava - Retail,264.35
Northern Region,2018-08-15,Groundnuts (shelled) - Retail,608.6949999999999
Northern Region,2018-08-15,Maize - Retail,108.88
Northern Region,2018-08-15,Rice - Retail,763.135
Northern Region,2018-09-15,Beans - Retail,678.375
Northern Region,2018-09-15,Cassava - Retail,341.8
Northern Region,2018-09-15,Groundnuts (shelled) - Retail,718.27
Northern Region,2018-09-15,Maize - Retail,116.13499999999999
Northern Region,2018-09-15,Rice - Retail,747.595
Northern Region,2018-10-15,Beans - Retail,633.615
Northern Region,2018-10-15,Cassava - Retail,328.6
Northern Region,2018-10-15,Groundnuts (shelled) - Retail,593.04
Northern Region,2018-10-15,Maize - Retail,116.97999999999999
Northern Region,2018-10-15,Rice - Retail,774.0699999999999
Northern Region,2018-11-15,Beans - Retail,637.59
Northern Region,2018-11-15,Cassava - Retail,331.26
Northern Region,2018-11-15,Groundnuts (shelled) - Retail,591.0699999999999
Northern Region,2018-11-15,Maize - Retail,120.565
Northern Region,2018-11-15,Rice - Retail,764.15
Northern Region,2018-12-15,Beans - Retail,691.89
Northern Region,2018-12-15,Cassava - Retail,330.81
Northern Region,2018-12-15,Groundnuts (shelled) - Retail,603.405
Northern Region,2018-12-15,Maize - Retail,130.65
Northern Region,2018-12-15,Rice - Retail,767.7
Northern Region,2019-01-15,Beans - Retail,766.45
Northern Region,2019-01-15,Cassava - Retail,305.66
Northern Region,2019-01-15,Groundnuts (shelled) - Retail,728.46
Northern Region,2019-01-15,Maize - Retail,160.55
Northern Region,2019-01-15,Rice - Retail,768.1
Northern Region,2019-02-15,Beans - Retail,771.5699999999999
Northern Region,2019-02-15,Cassava - Retail,330.25
Northern Region,2019-02-15,Groundnuts (shelled) - Retail,659.075
Northern Region,2019-02-15,Maize - Retail,167.5
Northern Region,2019-02-15,Rice - Retail,763.54
Northern Region,2019-03-15,Beans - Retail,702.43
Northern Region,2019-03-15,Cassava - Retail,390.45
Northern Region,2019-03-15,Groundnuts (shelled) - Retail,750.11
Northern Region,2019-03-15,Maize - Retail,172.5
Northern Region,2019-03-15,Rice - Retail,750.11
Northern Region,2019-04-15,Beans - Retail,639.475
Northern Region,2019-04-15,Cassava - Retail,395.45
Northern Region,2019-04-15,Groundnuts (shelled) - Retail,676.735
Northern Region,2019-04-15,Maize - Retail,145.0
Northern Region,2019-04-15,Rice - Retail,751.4
Northern Region,2019-05-15,Beans - Retail,504.17
Northern Region,2019-05-15,Cowpeas - Retail,331.945
Northern Region,2019-05-15,Groundnuts (shelled) - Retail,715.48
Northern Region,2019-05-15,Maize - Retail,122.5
Northern Region,2019-05-15,Pigeon peas - Retail,500.0
Northern Region,2019-05-15,Rice - Retail,765.52
Northern Region,2019-06-15,Beans - Retail,556.79
Northern Region,2019-06-15,Cowpeas - Retail,300.0
Northern Region,2019-06-15,Groundnuts (shelled) - Retail,685.84
Northern Region,2019-06-15,Maize - Retail,100.0
Northern Region,2019-06-15,Pigeon peas - Retail,450.0
Northern Region,2019-06-15,Rice - Retail,765.87
Northern Region,2019-07-15,Beans - Retail,696.57
Northern Region,2019-07-15,Cassava - Retail,321.6
Northern Region,2019-07-15,Cowpeas - Retail,356.25
Northern Region,2019-07-15,Groundnuts (shelled) - Retail,701.845
Northern Region,2019-07-15,Maize - Retail,145.16
Northern Region,2019-07-15,Pigeon peas - Retail,225.0
Northern Region,2019-07-15,Rice - Retail,746.285
Northern Region,2019-08-15,Beans - Retail,734.88
Northern Region,2019-08-15,Cassava - Retail,255.3
Northern Region,2019-08-15,Groundnuts (shelled) - Retail,707.49
Northern Region,2019-08-15,Maize - Retail,191.79500000000002
Northern Region,2019-08-15,Rice - Retail,779.365
Northern Region,2019-09-15,Beans - Retail,642.86
Northern Region,2019-09-15,Cassava - Retail,220.7
Northern Region,2019-09-15,Groundnuts (shelled) - Retail,661.1
Northern Region,2019-09-15,Maize - Retail,197.99
Northern Region,2019-09-15,Rice - Retail,755.0
Northern Region,2019-10-15,Beans - Retail,720.74
Northern Region,2019-10-15,Cassava - Retail,396.68
Northern Region,2019-10-15,Groundnuts (shelled) - Retail,662.46
Northern Region,2019-10-15,Maize - Retail,211.67000000000002
Northern Region,2019-10-15,Rice - Retail,750.55
Northern Region,2019-11-15,Beans - Retail,735.395
Northern Region,2019-11-15,Cassava - Retail,393.75
Northern Region,2019-11-15,Groundnuts (shelled) - Retail,742.13
Northern Region,2019-11-15,Maize - Retail,234.26
Northern Region,2019-11-15,Rice - Retail,763.8199999999999
Northern Region,2019-12-15,Beans - Retail,777.23
Northern Region,2019-12-15,Cassava - Retail,354.83
Northern Region,2019-12-15,Groundnuts (shelled) - Retail,739.4749999999999
Northern Region,2019-12-15,Maize - Retail,244.20499999999998
Northern Region,2019-12-15,Rice - Retail,767.9
Southern Region,2014-01-15,Beans - Retail,505.85
Southern Region,2014-01-15,Cassava - Retail,147.46
Southern Region,2014-01-15,Groundnuts (shelled) - Retail,474.33
Southern Region,2014-01-15,Maize (white) - Retail,7800.0
Southern Region,2014-01-15,Maize - Retail,157.29
Southern Region,2014-01-15,Rice (imported) - Retail,14500.0
Southern Region,2014-01-15,Rice - Retail,404.175
Southern Region,2014-01-15,Sorghum (red) - Retail,8000.0
Southern Region,2014-02-15,Maize (white) - Retail,7650.0
Southern Region,2014-02-15,Maize - Retail,132.42
Southern Region,2014-02-15,Rice (imported) - Retail,14000.0
Southern Region,2014-02-15,Sorghum (red) - Retail,7825.0
Southern Region,2014-03-15,Maize (white) - Retail,7650.0
Southern Region,2014-03-15,Maize - Retail,122.52
Southern Region,2014-03-15,Rice (imported) - Retail,12250.0
Southern Region,2014-03-15,Sorghum (red) - Retail,7650.0
Southern Region,2014-04-15,Beans - Retail,592.885
Southern Region,2014-04-15,Cassava - Retail,127.63
Southern Region,2014-04-15,Groundnuts (shelled) - Retail,548.235
Southern Region,2014-04-15,Maize (white) - Retail,8800.0
Southern Region,2014-04-15,Maize - Retail,97.04
Southern Region,2014-04-15,Rice (imported) - Retail,13750.0
Southern Region,2014-04-15,Rice - Retail,435.76
Southern Region,2014-04-15,Sorghum (red) - Retail,7475.0
Southern Region,2014-05-15,Maize (white) - Retail,11125.0
Southern Region,2014-05-15,Maize - Retail,84.20500000000001
Southern Region,2014-05-15,Rice (imported) - Retail,14000.0
Southern Region,2014-05-15,Sorghum (red) - Retail,10290.0
Southern Region,2014-06-15,Maize (white) - Retail,10266.0
Southern Region,2014-06-15,Maize - Retail,78.66
Southern Region,2014-06-15,Rice (imported) - Retail,14000.0
Southern Region,2014-06-15,Sorghum (red) - Retail,10533.0
Southern Region,2014-07-15,Maize (white) - Retail,10666.0
Southern Region,2014-07-15,Maize - Retail,76.67
Southern Region,2014-07-15,Rice (imported) - Retail,14000.0
Southern Region,2014-07-15,Sorghum (red) - Retail,10333.0
Southern Region,2014-08-15,Maize (white) - Retail,9475.0
Southern Region,2014-08-15,Maize - Retail,82.11
Southern Region,2014-08-15,Rice (imported) - Retail,14000.0
Southern Region,2014-08-15,Sorghum (red) - Retail,10300.0
Southern Region,2014-09-15,Beans - Retail,507.0
Southern Region,2014-09-15,Cassava - Retail,142.765
Southern Region,2014-09-15,Groundnuts (shelled) - Retail,486.41999999999996
Southern Region,2014-09-15,Maize (white) - Retail,7625.0
Southern Region,2014-09-15,Maize - Retail,82.03
Southern Region,2014-09-15,Rice (imported) - Retail,14000.0
Southern Region,2014-09-15,Rice - Retail,373.225
Southern Region,2014-09-15,Sorghum (red) - Retail,10300.0
Southern Region,2014-10-15,Beans - Retail,520.68
Southern Region,2014-10-15,Cassava - Retail,144.03500000000003
Southern Region,2014-10-15,Groundnuts (shelled) - Retail,494.01
Southern Region,2014-10-15,Maize (white) - Retail,7025.0
Southern Region,2014-10-15,Maize - Retail,78.46
Southern Region,2014-10-15,Rice (imported) - Retail,14000.0
Southern Region,2014-10-15,Rice - Retail,381.0
Southern Region,2014-10-15,Sorghum (red) - Retail,10600.0
Southern Region,2014-11-15,Maize (white) - Retail,8150.0
Southern Region,2014-11-15,Rice (imported) - Retail,15000.0
Southern Region,2014-11-15,Sorghum (red) - Retail,10600.0
Southern Region,2014-12-15,Beans - Retail,513.245
Southern Region,2014-12-15,Cassava - Retail,136.48000000000002
Southern Region,2014-12-15,Groundnuts (shelled) - Retail,536.15
Southern Region,2014-12-15,Maize (white) - Retail,7960.0
Southern Region,2014-12-15,Maize - Retail,93.92
Southern Region,2014-12-15,Rice (imported) - Retail,15000.0
Southern Region,2014-12-15,Rice - Retail,388.7
Southern Region,2014-12-15,Sorghum (red) - Retail,10600.0
Southern Region,2015-01-15,Beans - Retail,554.95
Southern Region,2015-01-15,Cassava - Retail,173.87
Southern Region,2015-01-15,Groundnuts (shelled) - Retail,544.27
Southern Region,2015-01-15,Maize (white) - Retail,8067.0
Southern Region,2015-01-15,Maize - Retail,95.03999999999999
Southern Region,2015-01-15,Rice (imported) - Retail,15000.0
Southern Region,2015-01-15,Rice - Retail,390.895
Southern Region,2015-01-15,Sorghum (red) - Retail,10600.0
Southern Region,2015-02-15,Beans - Retail,663.9549999999999
Southern Region,2015-02-15,Cassava - Retail,224.44
Southern Region,2015-02-15,Groundnuts (shelled) - Retail,650.49
Southern Region,2015-02-15,Maize (white) - Retail,8800.0
Southern Region,2015-02-15,Maize - Retail,97.55000000000001
Southern Region,2015-02-15,Rice (imported) - Retail,14500.0
Southern Region,2015-02-15,Rice - Retail,440.0
Southern Region,2015-02-15,Sorghum (red) - Retail,9950.0
Southern Region,2015-03-15,Maize (white) - Retail,8950.0
Southern Region,2015-03-15,Rice (imported) - Retail,13500.0
Southern Region,2015-03-15,Sorghum (red) - Retail,9650.0
Southern Region,2015-04-15,Maize (white) - Retail,8950.0
Southern Region,2015-04-15,Maize - Retail,122.72
Southern Region,2015-04-15,Rice (imported) - Retail,14000.0
Southern Region,2015-04-15,Sorghum (red) - Retail,9650.0
Southern Region,2015-05-15,Beans - Retail,530.08
Southern Region,2015-05-15,Cowpeas - Retail,376.075
Southern Region,2015-05-15,Groundnuts (shelled) - Retail,624.47
Southern Region,2015-05-15,Maize (white) - Retail,9125.0
Southern Region,2015-05-15,Maize - Retail,111.69
Southern Region,2015-05-15,Pigeon peas - Retail,342.79499999999996
Southern Region,2015-05-15,Rice (imported) - Retail,14000.0
Southern Region,2015-05-15,Rice - Retail,399.09
Southern Region,2015-05-15,Sorghum (red) - Retail,9300.0
Southern Region,2015-06-15,Beans - Retail,592.46
Southern Region,2015-06-15,Cowpeas - Retail,336.14
Southern Region,2015-06-15,Groundnuts (shelled) - Retail,643.4849999999999
Southern Region,2015-06-15,Maize (white) - Retail,9825.0
Southern Region,2015-06-15,Maize - Retail,126.64000000000001
Southern Region,2015-06-15,Pigeon peas - Retail,338.07
Southern Region,2015-06-15,Rice (imported) - Retail,14000.0
Southern Region,2015-06-15,Rice - Retail,380.0
Southern Region,2015-06-15,Sorghum (red) - Retail,8650.0
Southern Region,2015-07-15,Beans - Retail,579.85
Southern Region,2015-07-15,Groundnuts (shelled) - Retail,606.905
Southern Region,2015-07-15,Maize (white) - Retail,9150.0
Southern Region,2015-07-15,Maize - Retail,131.39
Southern Region,2015-07-15,Rice (imported) - Retail,14000.0
Southern Region,2015-07-15,Rice - Retail,389.1
Southern Region,2015-07-15,Sorghum (red) - Retail,8800.0
Southern Region,2015-08-15,Beans - Retail,593.13
Southern Region,2015-08-15,Groundnuts (shelled) - Retail,633.2
Southern Region,2015-08-15,Maize (white) - Retail,7725.0
Southern Region,2015-08-15,Maize - Retail,140.92000000000002
Southern Region,2015-08-15,Rice (imported) - Retail,14000.0
Southern Region,2015-08-15,Rice - Retail,383.0
Southern Region,2015-08-15,Sorghum (red) - Retail,8000.0
Southern Region,2015-09-15,Beans - Retail,618.2149999999999
Southern Region,2015-09-15,Groundnuts (shelled) - Retail,638.04
Southern Region,2015-09-15,Maize (white) - Retail,6000.0
Southern Region,2015-09-15,Maize - Retail,150.365
Southern Region,2015-09-15,Rice (imported) - Retail,14000.0
Southern Region,2015-09-15,Rice - Retail,397.16499999999996
Southern Region,2015-09-15,Sorghum (red) - Retail,8000.0
Southern Region,2015-10-15,Beans - Retail,527.28
Southern Region,2015-10-15,Groundnuts (shelled) - Retail,627.98
Southern Region,2015-10-15,Maize (white) - Retail,5650.0
Southern Region,2015-10-15,Maize - Retail,155.48
Southern Region,2015-10-15,Rice (imported) - Retail,14000.0
Southern Region,2015-10-15,Rice - Retail,150.79000000000002
Southern Region,2015-10-15,Sorghum (red) - Retail,8000.0
Southern Region,2015-11-15,Beans - Retail,501.4
Southern Region,2015-11-15,Groundnuts (shelled) - Retail,622.8199999999999
Southern Region,2015-11-15,Maize (white) - Retail,5900.0
Southern Region,2015-11-15,Maize - Retail,163.15
Southern Region,2015-11-15,Rice (imported) - Retail,14000.0
Southern Region,2015-11-15,Rice - Retail,302.30999999999995
Southern Region,2015-11-15,Sorghum (red) - Retail,8000.0
Southern Region,2015-12-15,Beans - Retail,668.55
Southern Region,2015-12-15,Groundnuts (shelled) - Retail,680.29
Southern Region,2015-12-15,Maize (white) - Retail,6000.0
Southern Region,2015-12-15,Maize - Retail,170.48000000000002
Southern Region,2015-12-15,Rice (imported) - Retail,14000.0
Southern Region,2015-12-15,Rice - Retail,489.72
Southern Region,2015-12-15,Sorghum (red) - Retail,8000.0
Southern Region,2016-01-15,Beans - Retail,670.89
Southern Region,2016-01-15,Groundnuts (shelled) - Retail,738.8199999999999
Southern Region,2016-01-15,Maize (white) - Retail,5900.0
Southern Region,2016-01-15,Maize - Retail,228.18
Southern Region,2016-01-15,Rice (imported) - Retail,14000.0
Southern Region,2016-01-15,Rice - Retail,501.74
Southern Region,2016-01-15,Sorghum (red) - Retail,8000.0
Southern Region,2016-02-15,Beans - Retail,691.1
Southern Region,2016-02-15,Groundnuts (shelled) - Retail,697.34
Southern Region,2016-02-15,Maize (white) - Retail,6300.0
Southern Region,2016-02-15,Maize - Retail,235.0
Southern Region,2016-02-15,Rice (imported) - Retail,14000.0
Southern Region,2016-02-15,Rice - Retail,593.095
Southern Region,2016-02-15,Sorghum (red) - Retail,8000.0
Southern Region,2016-03-15,Beans - Retail,707.415
Southern Region,2016-03-15,Groundnuts (shelled) - Retail,751.685
Southern Region,2016-03-15,Maize (white) - Retail,6600.0
Southern Region,2016-03-15,Maize - Retail,253.42
Southern Region,2016-03-15,Rice (imported) - Retail,14000.0
Southern Region,2016-03-15,Rice - Retail,652.775
Southern Region,2016-03-15,Sorghum (red) - Retail,6450.0
Southern Region,2016-04-15,Beans - Retail,709.67
Southern Region,2016-04-15,Groundnuts (shelled) - Retail,815.49
Southern Region,2016-04-15,Maize (white) - Retail,7650.0
Southern Region,2016-04-15,Maize - Retail,185.70999999999998
Southern Region,2016-04-15,Rice (imported) - Retail,14000.0
Southern Region,2016-04-15,Rice - Retail,692.5
Southern Region,2016-04-15,Sorghum (red) - Retail,6600.0
Southern Region,2016-05-15,Beans - Retail,734.2850000000001
Southern Region,2016-05-15,Groundnuts (shelled) - Retail,634.735
Southern Region,2016-05-15,Maize (white) - Retail,8000.0
Southern Region,2016-05-15,Maize - Retail,196.92
Southern Region,2016-05-15,Rice (imported) - Retail,14000.0
Southern Region,2016-05-15,Rice - Retail,680.835
Southern Region,2016-05-15,Sorghum (red) - Retail,6600.0
Southern Region,2016-06-15,Beans - Retail,802.9849999999999
Southern Region,2016-06-15,Groundnuts (shelled) - Retail,801.57
Southern Region,2016-06-15,Maize (white) - Retail,8150.0
Southern Region,2016-06-15,Maize - Retail,221.73
Southern Region,2016-06-15,Rice (imported) - Retail,14000.0
Southern Region,2016-06-15,Rice - Retail,650.0
Southern Region,2016-06-15,Sorghum (red) - Retail,6600.0
Southern Region,2016-07-15,Beans - Retail,716.7
Southern Region,2016-07-15,Groundnuts (shelled) - Retail,738.78
Southern Region,2016-07-15,Maize (white) - Retail,8625.0
Southern Region,2016-07-15,Maize - Retail,262.68
Southern Region,2016-07-15,Rice (imported) - Retail,14000.0
Southern Region,2016-07-15,Rice - Retail,664.985
Southern Region,2016-07-15,Sorghum (red) - Retail,6600.0
Southern Region,2016-08-15,Beans - Retail,745.935
Southern Region,2016-08-15,Groundnuts (shelled) - Retail,850.47
Southern Region,2016-08-15,Maize (white) - Retail,7300.0
Southern Region,2016-08-15,Maize - Retail,262.58
Southern Region,2016-08-15,Rice (imported) - Retail,14000.0
Southern Region,2016-08-15,Rice - Retail,750.0
Southern Region,2016-08-15,Sorghum (red) - Retail,6600.0
Southern Region,2016-09-15,Beans - Retail,760.395
Southern Region,2016-09-15,Groundnuts (shelled) - Retail,732.825
Southern Region,2016-09-15,Maize - Retail,242.24
Southern Region,2016-09-15,Rice - Retail,746.22
Southern Region,2016-10-15,Beans - Retail,820.05
Southern Region,2016-10-15,Groundnuts (shelled) - Retail,850.4
Southern Region,2016-10-15,Maize - Retail,251.04
Southern Region,2016-10-15,Rice - Retail,766.4
Southern Region,2016-11-15,Beans - Retail,763.14
Southern Region,2016-11-15,Groundnuts (shelled) - Retail,824.5450000000001
Southern Region,2016-11-15,Maize - Retail,255.0
Southern Region,2016-11-15,Rice - Retail,774.62
Southern Region,2016-12-15,Beans - Retail,850.76
Southern Region,2016-12-15,Groundnuts (shelled) - Retail,850.32
Southern Region,2016-12-15,Maize (white) - Retail,8000.0
Southern Region,2016-12-15,Maize - Retail,250.0
Southern Region,2016-12-15,Rice (imported) - Retail,14500.0
Southern Region,2016-12-15,Rice - Retail,780.29
Southern Region,2016-12-15,Sorghum (red) - Retail,10666.0
Southern Region,2017-01-15,Beans - Retail,1023.1949999999999
Southern Region,2017-01-15,Groundnuts (shelled) - Retail,1088.36
Southern Region,2017-01-15,Maize (white) - Retail,11300.0
Southern Region,2017-01-15,Maize - Retail,236.05
Southern Region,2017-01-15,Rice (imported) - Retail,15000.0
Southern Region,2017-01-15,Rice - Retail,802.04
Southern Region,2017-01-15,Sorghum (red) - Retail,11800.0
Southern Region,2017-02-15,Beans - Retail,885.25
Southern Region,2017-02-15,Groundnuts (shelled) - Retail,915.25
Southern Region,2017-02-15,Maize (white) - Retail,10500.0
Southern Region,2017-02-15,Maize - Retail,218.995
Southern Region,2017-02-15,Rice (imported) - Retail,14500.0
Southern Region,2017-02-15,Rice - Retail,757.93
Southern Region,2017-02-15,Sorghum (red) - Retail,13000.0
Southern Region,2017-03-15,Beans - Retail,925.0
Southern Region,2017-03-15,Groundnuts (shelled) - Retail,955.37
Southern Region,2017-03-15,Maize (white) - Retail,9500.0
Southern Region,2017-03-15,Maize - Retail,200.265
Southern Region,2017-03-15,Rice (imported) - Retail,14000.0
Southern Region,2017-03-15,Rice - Retail,751.22
Southern Region,2017-03-15,Sorghum (red) - Retail,11300.0
Southern Region,2017-04-15,Beans - Retail,852.11
Southern Region,2017-04-15,Groundnuts (shelled) - Retail,930.415
Southern Region,2017-04-15,Maize (white) - Retail,9300.0
Southern Region,2017-04-15,Maize - Retail,148.96
Southern Region,2017-04-15,Rice (imported) - Retail,14000.0
Southern Region,2017-04-15,Rice - Retail,727.005
Southern Region,2017-04-15,Sorghum (red) - Retail,12000.0
Southern Region,2017-05-15,Beans - Retail,998.26
Southern Region,2017-05-15,Groundnuts (shelled) - Retail,754.85
Southern Region,2017-05-15,Maize (white) - Retail,11650.0
Southern Region,2017-05-15,Maize - Retail,103.88
Southern Region,2017-05-15,Rice (imported) - Retail,14000.0
Southern Region,2017-05-15,Rice - Retail,610.28
Southern Region,2017-05-15,Sorghum (red) - Retail,12000.0
Southern Region,2017-06-15,Beans - Retail,682.52
Southern Region,2017-06-15,Groundnuts (shelled) - Retail,702.775
Southern Region,2017-06-15,Maize (white) - Retail,12000.0
Southern Region,2017-06-15,Maize - Retail,97.945
Southern Region,2017-06-15,Rice (imported) - Retail,14750.0
Southern Region,2017-06-15,Rice - Retail,482.825
Southern Region,2017-06-15,Sorghum (red) - Retail,14000.0
Southern Region,2017-07-15,Beans - Retail,651.8
Southern Region,2017-07-15,Groundnuts (shelled) - Retail,750.72
Southern Region,2017-07-15,Maize (white) - Retail,12400.0
Southern Region,2017-07-15,Maize - Retail,98.59
Southern Region,2017-07-15,Rice (imported) - Retail,15500.0
Southern Region,2017-07-15,Rice - Retail,528.985
Southern Region,2017-07-15,Sorghum (red) - Retail,14600.0
Southern Region,2017-08-15,Beans - Retail,650.37
Southern Region,2017-08-15,Groundnuts (shelled) - Retail,722.575
Southern Region,2017-08-15,Maize (white) - Retail,12400.0
Southern Region,2017-08-15,Maize - Retail,103.65
Southern Region,2017-08-15,Rice (imported) - Retail,15500.0
Southern Region,2017-08-15,Rice - Retail,496.1
Southern Region,2017-08-15,Sorghum (red) - Retail,14600.0
Southern Region,2017-09-15,Beans - Retail,675.0
Southern Region,2017-09-15,Groundnuts (shelled) - Retail,710.53
Southern Region,2017-09-15,Maize (white) - Retail,10167.0
Southern Region,2017-09-15,Maize - Retail,109.57
Southern Region,2017-09-15,Rice (imported) - Retail,15250.0
Southern Region,2017-09-15,Rice - Retail,480.77
Southern Region,2017-09-15,Sorghum (red) - Retail,9333.0
Southern Region,2017-10-15,Beans - Retail,698.7
Southern Region,2017-10-15,Groundnuts (shelled) - Retail,724.6949999999999
Southern Region,2017-10-15,Maize (white) - Retail,8650.0
Southern Region,2017-10-15,Maize - Retail,109.83
Southern Region,2017-10-15,Rice (imported) - Retail,14000.0
Southern Region,2017-10-15,Rice - Retail,551.8050000000001
Southern Region,2017-10-15,Sorghum (red) - Retail,9333.0
Southern Region,2017-11-15,Beans - Retail,648.895
Southern Region,2017-11-15,Groundnuts (shelled) - Retail,691.185
Southern Region,2017-11-15,Maize (white) - Retail,7650.0
Southern Region,2017-11-15,Maize - Retail,103.75
Southern Region,2017-11-15,Rice (imported) - Retail,15000.0
Southern Region,2017-11-15,Rice - Retail,518.42
Southern Region,2017-11-15,Sorghum (red) - Retail,9150.0
Southern Region,2017-12-15,Beans - Retail,656.815
Southern Region,2017-12-15,Groundnuts (shelled) - Retail,790.85
Southern Region,2017-12-15,Maize (white) - Retail,7575.0
Southern Region,2017-12-15,Maize - Retail,103.075
Southern Region,2017-12-15,Rice (imported) - Retail,15000.0
Southern Region,2017-12-15,Rice - Retail,561.42
Southern Region,2017-12-15,Sorghum (red) - Retail,8600.0
Southern Region,2018-01-15,Beans - Retail,708.87
Southern Region,2018-01-15,Groundnuts (shelled) - Retail,827.95
Southern Region,2018-01-15,Maize (white) - Retail,8000.0
Southern Region,2018-01-15,Maize - Retail,110.155
Southern Region,2018-01-15,Rice (imported) - Retail,15000.0
Southern Region,2018-01-15,Rice - Retail,598.86
Southern Region,2018-01-15,Sorghum (red) - Retail,8600.0
Southern Region,2018-02-15,Beans - Retail,706.985
Southern Region,2018-02-15,Groundnuts (shelled) - Retail,822.985
Southern Region,2018-02-15,Maize (white) - Retail,8000.0
Southern Region,2018-02-15,Maize - Retail,129.115
Southern Region,2018-02-15,Rice (imported) - Retail,15000.0
Southern Region,2018-02-15,Rice - Retail,632.24
Southern Region,2018-02-15,Sorghum (red) - Retail,8600.0
Southern Region,2018-03-15,Beans - Retail,733.04
Southern Region,2018-03-15,Maize (white) - Retail,7000.0
Southern Region,2018-03-15,Maize - Retail,119.87
Southern Region,2018-03-15,Rice (imported) - Retail,15000.0
Southern Region,2018-03-15,Rice - Retail,699.72
Southern Region,2018-03-15,Sorghum (red) - Retail,8600.0
Southern Region,2018-04-15,Beans - Retail,765.0
Southern Region,2018-04-15,Groundnuts (shelled) - Retail,805.64
Southern Region,2018-04-15,Maize (white) - Retail,7000.0
Southern Region,2018-04-15,Maize - Retail,106.21000000000001
Southern Region,2018-04-15,Rice (imported) - Retail,15000.0
Southern Region,2018-04-15,Rice - Retail,662.815
Southern Region,2018-04-15,Sorghum (red) - Retail,8000.0
Southern Region,2018-05-15,Beans - Retail,757.81
Southern Region,2018-05-15,Groundnuts (shelled) - Retail,752.2950000000001
Southern Region,2018-05-15,Maize (white) - Retail,7000.0
Southern Region,2018-05-15,Maize - Retail,96.945
Southern Region,2018-05-15,Rice (imported) - Retail,15250.0
Southern Region,2018-05-15,Rice - Retail,626.2
Southern Region,2018-05-15,Sorghum (red) - Retail,8000.0
Southern Region,2018-06-15,Beans - Retail,707.545
Southern Region,2018-06-15,Groundnuts (shelled) - Retail,633.925
Southern Region,2018-06-15,Maize (white) - Retail,6800.0
Southern Region,2018-06-15,Maize - Retail,109.17
Southern Region,2018-06-15,Rice (imported) - Retail,16000.0
Southern Region,2018-06-15,Rice - Retail,612.5
Southern Region,2018-06-15,Sorghum (red) - Retail,8000.0
Southern Region,2018-07-15,Beans - Retail,745.915
Southern Region,2018-07-15,Groundnuts (shelled) - Retail,626.355
Southern Region,2018-07-15,Maize (white) - Retail,6800.0
Southern Region,2018-07-15,Maize - Retail,127.5
Southern Region,2018-07-15,Rice (imported) - Retail,16000.0
Southern Region,2018-07-15,Rice - Retail,610.34
Southern Region,2018-07-15,Sorghum (red) - Retail,8000.0
Southern Region,2018-08-15,Beans - Retail,714.05
Southern Region,2018-08-15,Groundnuts (shelled) - Retail,650.32
Southern Region,2018-08-15,Maize (white) - Retail,5475.0
Southern Region,2018-08-15,Maize - Retail,145.43
Southern Region,2018-08-15,Rice (imported) - Retail,15000.0
Southern Region,2018-08-15,Rice - Retail,654.35
Southern Region,2018-08-15,Sorghum (red) - Retail,6325.0
Southern Region,2018-09-15,Beans - Retail,706.37
Southern Region,2018-09-15,Groundnuts (shelled) - Retail,638.58
Southern Region,2018-09-15,Maize (white) - Retail,5333.0
Southern Region,2018-09-15,Maize - Retail,141.9
Southern Region,2018-09-15,Rice (imported) - Retail,15000.0
Southern Region,2018-09-15,Rice - Retail,630.13
Southern Region,2018-09-15,Sorghum (red) - Retail,6600.0
Southern Region,2018-10-15,Beans - Retail,748.34
Southern Region,2018-10-15,Groundnuts (shelled) - Retail,643.3599999999999
Southern Region,2018-10-15,Maize (white) - Retail,5467.0
Southern Region,2018-10-15,Maize - Retail,140.51
Southern Region,2018-10-15,Rice (imported) - Retail,13250.0
Southern Region,2018-10-15,Rice - Retail,608.0
Southern Region,2018-10-15,Sorghum (red) - Retail,6600.0
Southern Region,2018-11-15,Beans - Retail,797.92
Southern Region,2018-11-15,Groundnuts (shelled) - Retail,736.9
Southern Region,2018-11-15,Maize (white) - Retail,5467.0
Southern Region,2018-11-15,Maize - Retail,153.6
Southern Region,2018-11-15,Rice (imported) - Retail,14000.0
Southern Region,2018-11-15,Rice - Retail,662.86
Southern Region,2018-11-15,Sorghum (red) - Retail,6600.0
Southern Region,2018-12-15,Beans - Retail,846.5
Southern Region,2018-12-15,Groundnuts (shelled) - Retail,736.825
Southern Region,2018-12-15,Maize (white) - Retail,5983.0
Southern Region,2018-12-15,Maize - Retail,165.0
Southern Region,2018-12-15,Rice (imported) - Retail,14250.0
Southern Region,2018-12-15,Rice - Retail,694.47
Southern Region,2018-12-15,Sorghum (red) - Retail,7300.0
Southern Region,2019-01-15,Beans - Retail,829.64
Southern Region,2019-01-15,Groundnuts (shelled) - Retail,802.13
Southern Region,2019-01-15,Maize (white) - Retail,6333.0
Southern Region,2019-01-15,Maize - Retail,176.39
Southern Region,2019-01-15,Rice (imported) - Retail,14250.0
Southern Region,2019-01-15,Rice - Retail,675.29
Southern Region,2019-01-15,Sorghum (red) - Retail,7525.0
Southern Region,2019-02-15,Beans - Retail,887.63
Southern Region,2019-02-15,Groundnuts (shelled) - Retail,818.625
Southern Region,2019-02-15,Maize (white) - Retail,6333.0
Southern Region,2019-02-15,Maize - Retail,196.67
Southern Region,2019-02-15,Rice (imported) - Retail,14000.0
Southern Region,2019-02-15,Rice - Retail,688.52
Southern Region,2019-02-15,Sorghum (red) - Retail,6750.0
Southern Region,2019-03-15,Beans - Retail,812.495
Southern Region,2019-03-15,Groundnuts (shelled) - Retail,728.93
Southern Region,2019-03-15,Maize (white) - Retail,7300.0
Southern Region,2019-03-15,Maize - Retail,202.29
Southern Region,2019-03-15,Rice (imported) - Retail,14000.0
Southern Region,2019-03-15,Rice - Retail,728.93
Southern Region,2019-03-15,Sorghum (red) - Retail,7475.0
Southern Region,2019-04-15,Beans - Retail,809.2950000000001
Southern Region,2019-04-15,Groundnuts (shelled) - Retail,764.405
Southern Region,2019-04-15,Maize (white) - Retail,7825.0
Southern Region,2019-04-15,Maize - Retail,155.0
Southern Region,2019-04-15,Rice (imported) - Retail,16000.0
Southern Region,2019-04-15,Rice - Retail,667.27
Southern Region,2019-04-15,Sorghum (red) - Retail,8000.0
Southern Region,2019-05-15,Beans - Retail,750.0
Southern Region,2019-05-15,Cowpeas - Retail,325.0
Southern Region,2019-05-15,Groundnuts (shelled) - Retail,769.11
Southern Region,2019-05-15,Maize (white) - Retail,7900.0
Southern Region,2019-05-15,Maize - Retail,142.5
Southern Region,2019-05-15,Pigeon peas - Retail,300.0
Southern Region,2019-05-15,Rice (imported) - Retail,16000.0
Southern Region,2019-05-15,Rice - Retail,540.62
Southern Region,2019-05-15,Sorghum (red) - Retail,8000.0
Southern Region,2019-06-15,Beans - Retail,799.41
Southern Region,2019-06-15,Cowpeas - Retail,350.0
Southern Region,2019-06-15,Groundnuts (shelled) - Retail,745.425
Southern Region,2019-06-15,Maize (white) - Retail,7500.0
Southern Region,2019-06-15,Maize - Retail,160.0
Southern Region,2019-06-15,Pigeon peas - Retail,300.0
Southern Region,2019-06-15,Rice (imported) - Retail,15500.0
Southern Region,2019-06-15,Rice - Retail,586.01
Southern Region,2019-06-15,Sorghum (red) - Retail,8000.0
Southern Region,2019-07-15,Beans - Retail,800.0
Southern Region,2019-07-15,Cowpeas - Retail,400.0
Southern Region,2019-07-15,Groundnuts (shelled) - Retail,736.485
Southern Region,2019-07-15,Maize (white) - Retail,7833.0
Southern Region,2019-07-15,Maize - Retail,190.0
Southern Region,2019-07-15,Pigeon peas - Retail,288.75
Southern Region,2019-07-15,Rice (imported) - Retail,13250.0
Southern Region,2019-07-15,Rice - Retail,576.96
Southern Region,2019-07-15,Sorghum (red) - Retail,8000.0
Southern Region,2019-08-15,Beans - Retail,761.38
Southern Region,2019-08-15,Groundnuts (shelled) - Retail,751.07
Southern Region,2019-08-15,Maize (white) - Retail,8225.0
Southern Region,2019-08-15,Maize - Retail,239.83499999999998
Southern Region,2019-08-15,Rice (imported) - Retail,14000.0
Southern Region,2019-08-15,Rice - Retail,600.0
Southern Region,2019-08-15,Sorghum (red) - Retail,9300.0
Southern Region,2019-09-15,Beans - Retail,731.7149999999999
Southern Region,2019-09-15,Groundnuts (shelled) - Retail,742.74
Southern Region,2019-09-15,Maize (white) - Retail,7525.0
Southern Region,2019-09-15,Maize - Retail,245.445
Southern Region,2019-09-15,Rice (imported) - Retail,14250.0
Southern Region,2019-09-15,Rice - Retail,602.89
Southern Region,2019-09-15,Sorghum (red) - Retail,9475.0
Southern Region,2019-10-15,Beans - Retail,806.7249999999999
Southern Region,2019-10-15,Groundnuts (shelled) - Retail,775.615
Southern Region,2019-10-15,Maize (white) - Retail,8000.0
Southern Region,2019-10-15,Maize - Retail,254.86
Southern Region,2019-10-15,Rice (imported) - Retail,15000.0
Southern Region,2019-10-15,Rice - Retail,614.33
Southern Region,2019-10-15,Sorghum (red) - Retail,10600.0
Southern Region,2019-11-15,Beans - Retail,796.43
Southern Region,2019-11-15,Groundnuts (shelled) - Retail,800.0
Southern Region,2019-11-15,Maize (white) - Retail,6300.0
Southern Region,2019-11-15,Maize - Retail,273.115
Southern Region,2019-11-15,Rice (imported) - Retail,15000.0
Southern Region,2019-11-15,Rice - Retail,700.0
Southern Region,2019-11-15,Sorghum (red) - Retail,10600.0
Southern Region,2019-12-15,Beans - Retail,831.3299999999999
Southern Region,2019-12-15,Groundnuts (shelled) - Retail,855.375
Southern Region,2019-12-15,Maize (white) - Retail,7650.0
Southern Region,2019-12-15,Maize - Retail,300.0
Southern Region,2019-12-15,Rice (imported) - Retail,15000.0
Southern Region,2019-12-15,Rice - Retail,700.085
Southern Region,2019-12-15,Sorghum (red) - Retail,10600.0
